bucket,k6_reqs,k6_fail_pct,k6_p50_ms,k6_p90_ms,k6_p95_ms,k6_p99_ms,k6_max_ms,k6_rps,CPU_Consumption_by_Service_Total_mcore__compose-post,CPU_Consumption_by_Service_Total_mcore__text-service,CPU_Consumption_by_Service_Total_mcore__user-mention-service,Replicas_per_Service__compose-post,Replicas_per_Service__text-service,Replicas_per_Service__user-mention-service,Combined_CPU_Utilization_Child__Parent__text-service__compose-post,Combined_CPU_Utilization_Child__Parent__user-mention__text-service,Combined_CPU_Utilization_Child__Parent__HPA_parent_threshold_text-service,Combined_CPU_Utilization_Child__Parent__HPA_parent_threshold_user-mention,Combined_CPU_Utilization_Child__Parent__HPA_self-CPU_threshold_50,CPU_Utilization_per_Service__compose-post-service,CPU_Utilization_per_Service__text-service,CPU_Utilization_per_Service__user-mention-service,CPU_Utilization_per_Service__HPA_threshold_compose-post,Memory_Usage_per_Service_MB__compose-post,Memory_Usage_per_Service_MB__text-service,Memory_Usage_per_Service_MB__user-mention-service,Memory_Usage_Percentage_per_Service___compose-post,Memory_Usage_Percentage_per_Service___text-service,Memory_Usage_Percentage_per_Service___user-mention-service
0,12.501794742950782,0.0,32.199156732191334,39.28863567961327,43.52994853438671,37.11248868406892,40.67527970455495,1.2501794742950783,0.01893998098542257,0.017558664222975265,0.024033453349911638,0.0,0.0,0.0,0.01544285539854135,0.006413115303144046,0.0,0.0,0.0,0.030918327571174065,0.0005455732920117518,0.012776176754262208,0.0,0.07487212144507793,0.005322271368130873,0.03201438932414729,0.05849384487896714,0.0041580245063522455,0.02501124165949011
1,18.009096704237113,0.0,0.24252361139297005,1.5524906540539558,1.2298485807131232,8.462235248841509,19.40160303347011,1.8009096704237115,0.07299722764098299,0.06284372492185515,0.05777342321743075,0.0,0.0,0.0,0.2633482783168514,0.21407488465902355,0.0,0.0,0.0,0.3420645997010292,0.252703239745923,0.2126204260915079,0.0,0.3436059752322702,0.10893910500887737,0.10006636349313075,0.26844216815021116,0.08510867578818546,0.07817684647900851
2,17.964905246419217,0.0,0.21386739145809405,0.4362420735295713,1.2694491689247416,11.142644221924613,18.658643786742896,1.7964905246419212,0.4149862833402347,0.1913683375605805,0.10339733900741392,0.0,0.0,0.0,1.2116911831548134,0.549071209276062,0.0,0.0,0.0,1.7708802433383033,0.8239447517424884,0.4815237905434354,0.0,0.5276341347925827,0.10101006800570242,0.10399645862155267,0.4122141678067052,0.07891411562945501,0.081247233298088
3,13.811552206720807,0.0,0.21082856594816302,1.8207415741773147,6.229826297574919,11.288818488373066,16.94451505367221,1.3811552206720799,0.6303672890768887,0.2505506236979671,0.23622465572748402,0.0,0.0,0.0,1.677546981109726,0.950745983675874,0.0,0.0,0.0,2.7008023069113793,1.1588555174783701,1.0272185572234254,0.0,0.11517281941861347,0.044264830675724905,0.051076634125456453,0.08997876517079174,0.034581898965410106,0.03990362041051282
4,16.178471767072093,0.0,48.4770466057721,327.33312335194654,438.2665631174171,649.7782696714354,702.405211802903,1.6178471767072087,0.9608317809793607,0.41247473707580934,0.3952074863505971,0.0,0.0,0.0,2.491447723250833,1.5904856315570142,0.0,0.0,0.0,4.152139235304486,1.7664401876750806,1.7616709052580857,0.0,0.11449903397157414,0.03960942735197318,0.06019374962872798,0.08945237029029227,0.03094486511872904,0.04702636689744372
5,22.762077661917843,13.717155766513478,1012.620819978128,2131.716996172177,1986.2178677869335,1774.090739282264,1656.6259830799022,2.276207766191785,1.1019048473461939,0.6437851507754446,0.39242401439538915,0.0,0.0,0.0,3.188989454240333,1.863204279433396,0.0,0.0,0.0,4.41848550378101,2.6677621265590687,1.7371176452745132,0.0,0.4929835277814687,0.10767262037810044,0.05526033194103133,0.38514338107927254,0.08411923467039106,0.043172134328930786
6,32.506054662840725,8.883066597559045,1136.519108931392,0.07113302810328646,0.053328808020763424,0.034983550067892985,1.4279144567183688,3.2506054662840733,0.895063821998587,0.5499331488504745,0.526910736137628,0.0,0.0,0.0,2.5291922100206548,2.004116145192623,0.0,0.0,0.0,3.7972571471402534,2.3474547205986025,2.338776446437335,0.0,1.1094697778841753,0.20803888101987228,0.14707084123347092,0.8667732639720122,0.16253037579677526,0.1148990947136491
7,11.206110970221703,2.6082364466861074,49.49563040051265,0.09529614157210405,0.08553756633768383,0.0851200363284049,3.9234218026718386,1.1206110970221699,1.0073242202443284,0.4650181390215352,0.39549057274015265,0.0,0.0,0.0,2.594375008451713,1.7692314606158637,0.0,0.0,0.0,3.8441494419266906,2.1431207731024866,1.978757222930047,0.0,1.5059606165977548,0.1684360289478809,0.1037082542644467,1.176531731716996,0.13159064761553194,0.08102207364409895
8,29.045664754411145,10.070174132424215,1033.2781965445156,0.1408261258437884,0.14719433646706676,0.1242296021753327,3.2623469599206687,2.904566475441113,1.0241498879543054,0.49078054172488406,0.5032893061688278,0.26674678283691855,0.0,0.0,3.2703057056845015,1.8476038882039476,0.0,0.0,0.0,6.015434926684545,2.189360274452727,2.255051161902781,0.0,1.012700656136997,0.09495250549434939,0.0699711264283622,0.6564511769327831,0.07418164491746042,0.054664942522157964
9,29.60418369601992,20.5179005569641,1928.3710226644287,688.2815327462822,484.4151909921245,68.71846559180705,2.0456979451798114,2.9604183696019937,0.9821946223907175,0.4835199579604527,0.5458650359188844,0.3848076442547927,0.0,0.0,4.827299673262367,1.985821482542956,0.0,0.0,0.0,9.799508533895422,2.1427565079279316,2.442986663636862,0.0,1.1255339048429511,0.10733470020496141,0.061895409976968,0.989343860393862,0.0838552345351261,0.04835578904450624
10,35.333493589380176,23.60254221922651,2063.2794806208594,1060.2780435549423,772.4039195806711,414.6587540043352,2.3258146309534444,3.5333493589380156,1.678453142826601,0.807048383849094,0.6833871563374061,0.503831473655779,0.26674678283691855,0.0,6.445006945561979,2.7605251495249,0.0,0.0,0.0,12.541458077553589,4.449365314549528,2.8654003643280395,0.0,1.3443015834609708,0.7123014529507862,0.055573185136808576,1.2599086125864964,0.12323866379373373,0.04341655088813169
11,19.48594167796163,23.220882756977968,2085.2799668914236,1250.8263985317062,1085.4715869903514,629.5505562217866,41.026838117559286,1.9485941677961653,1.8856948955370445,0.7797361707844896,0.7288722804954695,0.42290206176626033,0.43852900965351455,0.0,6.8956020403967,4.941283930675943,0.0,0.0,0.0,11.708645863786376,7.998904785493921,3.4124745305232462,0.0,1.3472593210456574,1.0121885771705699,0.06660656298197373,0.927813406910055,0.22719137510210347,0.052036377329666955
12,23.826079225966883,19.68542453348455,1742.7692176504086,1276.051483700449,1145.609380959326,916.5660156316744,352.32043345986114,2.38260792259669,2.2387390163635197,1.2506606019619557,1.0571025562468361,0.42290206176626033,0.4743416490252569,0.0,6.946104179245556,6.959731645561177,0.0,0.0,0.0,12.479383472805983,11.061526230098378,4.103348853057027,0.0,1.2639834673418469,1.0501131660485041,0.09328555620442634,0.9781425475113008,0.4243963591212629,0.0728793407847081
13,18.12237602580061,15.460029202842843,1320.4750676326353,1161.6209158920492,1092.9915213987165,1030.4485612441292,639.2688990536743,1.812237602580061,2.8277493427481493,1.4653769076465966,1.1163932152331149,0.3038218101250999,0.4961389383568338,0.0,8.398392539062632,8.632178743009096,0.0,0.0,0.0,10.342845271633246,13.58717170769862,4.619990986392889,0.0,1.3032935081359678,0.8810436306131328,0.094529211592639,0.8305598487661845,0.3417497797194201,0.07385094655674923
14,16.167215163838385,9.679712699668562,887.2326163671122,1182.5977102553718,1149.8544658222022,1199.5713780854906,567.1911667725461,1.6167215163838398,2.9559401963236276,1.265339107650378,1.179637488684172,0.15811388300841897,0.505736325340815,0.0,8.497962760771651,8.259289532022432,0.0,0.0,0.0,7.118509810280891,13.419809853087235,4.764374316048782,0.0,1.6324420567235138,1.2743326518690838,0.14256419792798394,0.7374026613505617,0.38061301253212637,0.11137827963123735
15,18.18255010181818,5.255994118549555,534.161831172546,1061.6882038030228,1091.8424612984738,1173.021819364338,780.3930252357364,1.8182550101818176,3.1409457601536257,1.4957283643630281,1.3876931446222658,0.0,0.5006406152531232,0.0,8.810042765787001,8.356271803496421,0.0,0.0,0.0,5.952984298516888,13.720756211547718,5.04222159480349,0.0,1.7932308168519497,1.2336509078949685,0.11959004695753352,0.700480787832793,0.49521516113838554,0.0934297241855731
16,9.339707072768835,5.02126056059178,490.02798035266983,1183.6179203528116,1169.6118005242379,1261.2692866224427,1103.9703877108234,0.9339707072768845,3.148149163306515,1.7377359240198764,1.3903812186571396,0.0,0.40509574683346666,0.3038218101251,7.348034753526375,7.159377656382186,0.0,0.0,0.0,5.606975860932442,11.489328961842169,6.509908058779123,0.0,1.5570970255798722,0.9588550861167057,1.047443964933438,0.6082410256171378,0.4337449782685532,0.18186681708440505
17,9.775820511172778,4.800857243037425,560.9818031949795,1108.1529164100355,1112.7938525401562,1323.9190059460177,921.3689856804958,0.9775820511172789,3.025010198967684,1.938879944373206,1.646872553105314,0.0,0.0,0.47434164902525694,4.620623461041993,3.6441723304633267,0.0,0.0,0.0,5.342961611766395,4.080280732600533,8.434660398080814,0.0,1.7267057521162665,0.6606912386645193,1.182667500210091,0.6744944344204167,0.2580825151033279,0.5905065685629499
18,12.305512627503226,6.9142970068130865,676.2682780161833,1217.5813472246425,1240.7088928059848,1289.4905409671187,833.7462437591811,1.2305512627503217,3.096587398927638,1.934678763403527,1.688864395510139,0.0,0.0,0.5006406152531232,4.828793354923163,3.6009252333484185,0.0,0.0,0.0,5.672251223979282,4.209771468093053,8.622082047664355,0.0,1.7277363666548657,0.49651054127597016,1.201153508074347,0.674897018224557,0.19394943018592598,0.5102563243603215
19,13.907293788254435,7.114690130254883,748.2259007094473,1426.8022035068464,1423.0038678184176,1349.19742433019,951.7277958458906,1.3907293788254442,3.2499624357965957,2.0009480549830463,1.911684040230587,0.0,0.0,0.45220258677630265,5.411053775811306,2.9877310143946576,0.0,0.0,0.0,6.572173691358702,4.380313588091073,6.846101291569404,0.0,1.9845772720040877,0.3649129977041507,1.071990349645496,0.775225496876597,0.14254413972818386,0.11193186456662511
20,11.55710459702892,8.396522635539679,833.1083094413494,1526.8624523396684,1500.4982966393095,1551.532681479871,1027.346214132143,1.155710459702891,3.320207138621364,1.9840461356653893,1.8512196177634157,0.4634043479981494,0.0,0.3848076442547927,5.5365050342571225,2.8102834000302086,0.0,0.0,0.0,9.129562660070786,4.140901084458967,6.637764642539641,0.0,2.9792802028078778,0.36688496331474985,0.9123855835304662,0.6750799666950814,0.14331443879482414,0.1745117807491509
21,18.739783541425634,8.51475177148888,841.3022428144823,1496.1722475430224,1534.0152707152847,1537.6523013118983,1392.8745933835155,1.8739783541425636,3.4075386852244947,2.1042217263216814,1.9327480488707773,0.7298577311314225,0.0,0.33493206352854177,6.488739693764159,3.531183193482687,0.0,0.0,0.0,12.638275880904887,4.202783312599705,7.342752532183264,0.0,3.0880440450349833,0.375107852391624,0.6947549521573599,0.7470889195990696,0.14652650484047808,0.3619836041068648
22,14.06131262793459,7.877703620359784,722.9671117813529,1727.0652229553182,1691.8213682468304,1736.6816319884517,1870.5971558642748,1.4061312627934603,3.4361853336549593,1.9920189120682983,2.0293311764018687,0.8987170342729172,0.0,0.15811388300841897,7.522349362769841,2.6295484258920596,0.0,0.0,0.0,15.5793969672125,3.3640571598335285,2.70485218762814,0.0,3.583095661850172,0.3789924090021196,0.4092655736751787,0.9046060862453779,0.14804390976645299,0.08834430375480563
23,13.812642852260483,5.497429973522343,563.2896699063027,1492.930997848279,1625.0935323617512,1860.5066987694847,1950.305064233814,1.3812642852260477,3.441722332724167,2.0806866602409855,1.821957229028169,0.8161039400870707,0.0,0.15811388300841897,5.336588053823966,2.235989861966132,0.0,0.0,0.0,12.472954081073164,3.1458980179974154,3.016146527552085,0.0,3.915367419596301,0.380546965166839,0.3725765857338319,0.6639260226235734,0.14865115826829642,0.0696464283141532
24,8.063211805191806,4.828120792890602,517.3110397277587,1331.5749572731777,1582.4635214859227,1917.0182985775255,2179.516006549096,0.8063211805191818,3.764573963515085,2.0244219083306043,1.8473845085427838,0.8161039400870707,0.0,0.0,6.055689766206392,2.1366115186852497,0.0,0.0,0.0,13.226716887554067,2.7788179440405805,2.110352397136886,0.0,3.58668431988296,0.38511934080234284,0.1932927417725122,0.854179859114443,0.1504372425009151,0.0755049772548876
25,10.959570223652909,4.636142367511668,461.11810162345404,1227.9287025818971,1469.010962502782,1819.7866350423121,2218.8954513836875,1.095957022365291,3.7903057637840027,2.0777640442826506,1.978743087320787,0.6788942744621107,0.0,0.0,5.0240140255249015,2.003983599612544,0.0,0.0,0.0,10.494227421438403,2.6405998464062805,1.9422904853819911,0.0,3.0774343442413974,0.3781795332237506,0.16552591446583423,0.6531543055464623,0.1477263801655276,0.06465856033821642
26,5.2084128199062745,4.1588234081709645,454.67926774809376,1250.017152783805,1524.1364861299305,1720.5180952568628,2197.7469386058347,0.520841281990628,3.5110906846576824,1.9065110702416406,1.7227173885521119,0.5453768398418632,0.0,0.0,4.567687010317043,1.979769780296557,0.0,0.0,0.0,8.097171874994272,2.387406916245202,1.9835135088111928,0.0,2.8338150190334153,0.34184793860777285,0.15981261871747535,0.7115764227894716,0.1335343510186612,0.06242680418651374
27,7.228815202422123,2.5941698724420084,356.2496055680656,1196.5982081740551,1348.3371659995425,1728.334087179843,2195.064044673136,0.7228815202422124,3.60374574448867,1.8972410652765135,1.7802010776027486,0.48304589153964783,0.0,0.0,3.963241512474315,2.047117808569991,0.0,0.0,0.0,5.955888042343178,2.610175359361231,2.013588598666743,0.0,2.6868410143051293,0.34416609614076216,0.1554018446586692,0.5019075233527598,0.13443988130498521,0.060703845569792934
28,4.887451226066563,0.3111165929892277,281.2715883124767,928.2504235756273,1118.2463482452647,1465.8044433534906,2010.1341900595655,0.4887451226066556,3.1023882548182695,1.541475612485007,1.6327719306439032,0.48304589153964783,0.0,0.0,4.441693811905163,2.2756071697892826,0.0,0.0,0.0,6.564617669583157,2.754169576260912,2.0665909249293657,0.0,2.6953487878891993,0.3305266005077414,0.1558759545315499,0.48982879620270997,0.12911195332333655,0.06088904473888668
29,4.763913495737688,0.2527103700259254,242.1605711924032,836.8931657327618,1017.1182599773709,1353.2422454193365,2008.201964490654,0.47639134957377,2.891788747709053,1.4998071621888354,1.5637767619310878,0.4743416490252568,0.0,0.0,4.901458314654517,2.653973724919082,0.0,0.0,0.0,7.03690832724683,3.066062954051572,2.405956249554734,0.0,2.2098035734069765,0.31653295517704955,0.1551869070545863,0.4356976366358227,0.12364568561603491,0.06061988556819784
30,3.8229234349831756,0.252373692074147,210.91356782605087,703.4891726738413,820.3338660945453,1071.0979276833025,2081.4583733306076,0.38229234349831787,2.73659652063689,1.4591131447350025,1.4644089044914672,0.4743416490252568,0.0,0.0,5.267864745843956,2.840314970717843,0.0,0.0,0.0,7.39528951171753,3.284880618039177,2.5653202743816994,0.0,2.1801664934133824,0.3266657200374891,0.13881886339014846,0.42501947959113634,0.12760379688964418,0.054226118511776694
31,2.800984259240451,0.3324981276417386,214.6261968658908,670.8919798154374,790.8129313366115,1172.1399756537044,1795.4638026013965,0.2800984259240458,2.8538954816495536,1.304484423660499,1.405501970345154,0.4743416490252568,0.0,0.0,5.983128730059194,3.1886845787455314,0.0,0.0,0.0,8.152991307208731,3.7074113384307363,2.757889727609368,0.0,2.1186101269585818,0.3207128297842185,0.16589757067639693,0.40176789677713104,0.12527844913446037,0.06480373854546756
32,1.8114663277053389,0.21865791695692988,196.49112147509118,621.7470113939859,757.7781407513562,1020.0394114906826,1797.4796415684073,0.18114663277053356,2.727735652523792,1.275922016753824,1.2936539507172193,0.4640954808922571,0.0,0.0,5.904660696540029,3.5610383252593834,0.0,0.0,0.0,7.705761993780745,4.253138391643848,3.042528478058475,0.0,2.2728266275203217,0.335587397229674,0.15579498551467702,0.3700639349904366,0.1310888270428414,0.060857416216670714
33,1.3753787357185174,0.11509711738627729,121.22434612554646,632.5687014256754,736.4342462025999,950.876542257177,1353.9609583438914,0.1375378735718512,3.1557944386843704,1.2621833743846274,1.3030837678165212,0.4640954808922571,0.0,0.0,6.549556550104335,3.8316191644981967,0.0,0.0,0.0,8.350771561900782,4.886714254634127,2.941408405233787,0.0,2.0703495778610144,0.33902477337137227,0.1567574579577495,0.33159526833012676,0.13243155209819218,0.06123338201474589
34,2.040613281369732,0.11725698834878208,176.53203018414698,587.9793736567575,688.913041074094,896.6176128352407,1271.817065911997,0.20406132813697345,3.0007743076237055,1.0771207887677825,1.3034977521139492,0.4640954808922571,0.0,0.0,6.491094741088112,3.692014550650015,0.0,0.0,0.0,8.38172279569807,4.48693400673562,3.038281693376555,0.0,2.0487654737539662,0.3448351256493246,0.1618168966234752,0.325472219759355,0.13470122095676748,0.06320972524354515
35,1.963774492249623,0.14739390103501052,130.7143646180056,577.6692148213881,688.6140591908058,935.8846213357496,1247.539354718687,0.19637744922496295,3.2666828298343953,1.1798037833772352,1.1834761047141833,0.4522025867763026,0.0,0.0,6.34773453104623,3.5030971365841825,0.0,0.0,0.0,8.035584509927803,4.386444235949532,2.7219673611468487,0.0,2.053836332836389,0.35619340276284567,0.13097088657936623,0.3064982264488425,0.13913804795423662,0.051160502570064915
36,2.5418295450123,0.0520111457264536,99.69344165201719,521.7129061086398,628.8290326782108,795.6591100733494,1163.7149026540494,0.2541829545012306,3.5108776743442514,1.189143578002582,1.0896289377198378,0.4522025867763026,0.0,0.0,5.919412625231391,3.3308832686209593,0.0,0.0,0.0,7.740701666052573,3.9455161459662396,2.830636843157496,0.0,2.077075650515104,0.356338365091661,0.13543265284091902,0.30737271848433384,0.1391946738639301,0.05290338001598393
37,1.4030644117750841,0.0,139.3327991222147,521.3904263830119,609.1943050621021,786.5659122875753,850.214031400372,0.14030644117750737,3.356651383378094,1.1533073712606685,1.2011549234786476,0.4522025867763026,0.0,0.0,5.8350060532293115,3.3084611476385244,0.0,0.0,0.0,7.453579819494754,4.002392793663958,2.769591454827319,0.0,2.03604967178494,0.33651955575902753,0.14062468699885042,0.3024638605375256,0.1314529514683701,0.054931518358925936
38,2.412441044848927,0.0,163.3938887559942,484.418708141625,575.1121666537905,717.3829814467895,814.3484505914997,0.24124410448489417,3.536921666416656,1.2675062637635164,1.1395647297581073,0.4522025867763026,0.0,0.0,5.164613287090841,3.034388866238957,0.0,0.0,0.0,6.669503069328449,3.5381630491948046,2.6265203489898905,0.0,1.9906123359571244,0.34349744362136686,0.12697985726934577,0.292775448310739,0.13417868891459642,0.04960150674583825
39,3.0533714027410643,0.10436559934549106,88.48641348607593,559.148961910707,624.5876159775632,794.6708987550346,922.2072609752163,0.30533714027410624,3.7301633069405806,1.2511617690490602,1.2098223597412243,0.4522025867763026,0.0,0.0,4.834164705735842,2.4267005629363902,0.0,0.0,0.0,6.486121239431007,3.270724716782848,1.76283699032164,0.0,2.0987044789926013,0.34971240178157215,0.14351443037814296,0.29941172103182373,0.13660640694592655,0.056060324366462064
40,1.3865193462176921,0.0,112.74239031076978,373.8125853955826,448.1534651609101,677.9640477641354,805.7578155117603,0.1386519346217685,4.442006574726289,1.5000993705593126,1.238376263054488,0.4522025867763026,0.0,0.0,4.231167052831846,2.262460275787178,0.0,0.0,0.0,5.798651247087022,2.625216759041552,2.151533035790016,0.0,2.073765064962508,0.3509179761225129,0.1436814160505256,0.29456681988928907,0.13707733442285655,0.05612555314473663
41,3.216543773393092,0.0,81.34369766695528,309.9966367710763,409.60863866572134,539.477850220853,610.4152900340896,0.32165437733930863,4.638811426757897,1.6454615508947978,1.1888691213826597,0.4522025867763026,0.0,0.0,3.8210829970018163,1.873854457340732,0.0,0.0,0.0,5.2812204070901885,2.6668459187098823,1.3927310711984204,0.0,1.9477475652467593,0.3571420967177794,0.14833875658852583,0.26440476352981734,0.13950863153038262,0.05794482679239303
42,0.3038218101251095,0.0,86.91562157018178,291.9090008593326,312.5111296273143,388.56811889276895,456.1122464007607,0.030382181012511084,4.943422129842428,1.7094855148992996,1.3542367844414662,0.4522025867763026,0.0,0.0,3.4659002991926933,1.4127541326387643,0.0,0.0,0.0,4.991597135761464,1.7584511125256221,1.4120404494973098,0.0,1.9224499982450984,0.35300561571728506,0.14681486489721546,0.26103322058675676,0.13789281863956454,0.05734955660047487
43,3.020337050303466,0.0,0.17559495187350202,155.30374691238174,201.87372354530393,273.46250261948626,442.16541200662056,0.3020337050303477,5.185440332094968,1.9147992034442705,1.3570856357896464,0.4522025867763026,0.0,0.0,3.098017277674928,1.075438227281201,0.0,0.0,0.0,4.709686684505019,1.434453444843868,1.041634308571623,0.0,1.8370287067396072,0.34426771183464033,0.14947341039475542,0.24484994939308785,0.13447957493540638,0.058388050935451484
44,0.42290206176626194,0.0,0.13617081397579586,4.60816705290656,10.009753111829298,28.423756631194433,48.81173212507457,0.042290206176625544,5.578704557410513,1.9767290875730454,1.4168464197089288,0.4522025867763026,0.0,0.0,2.8977608337734715,1.0309844094132277,0.0,0.0,0.0,4.514715735580456,1.4175728953445146,0.9385829959468072,0.0,1.830181793808314,0.32958859174441707,0.13058139665298005,0.2405186816308572,0.12874554365016286,0.051008358067570404
45,0.3499084129252995,0.0,0.12303436630888233,3.1428031278267317,8.253973270489151,16.577325075283714,37.64208302201886,0.03499084129252874,5.38592667154769,2.061440406264495,1.328727237079456,0.4522025867763026,0.0,0.0,2.8072169938217724,0.8474371945520555,0.0,0.0,0.0,4.318915015407454,1.1355323755484892,0.8486056312753485,0.0,1.6781407997630895,0.3308377724354447,0.14549189690427314,0.2039367066965525,0.12923350485759558,0.05683277222823175
46,0.26674678283691916,0.0,0.1289431880604765,3.6067525016079847,9.657605870687233,16.811457794551757,41.64530835939408,0.026674678283692858,5.633162984123376,2.059929548307237,1.4035376342485522,0.4522025867763026,0.0,0.0,2.6087563157108136,0.7462792669750564,0.0,0.0,0.0,4.305488845531865,0.9494895194954746,1.024241810920032,0.0,1.6328429042253827,0.352037995304087,0.13602642789882444,0.20118884131144274,0.13751484191565896,0.05313532339797832
47,0.2761920550668514,0.0,0.13038846879035018,2.779394790889166,10.49248297063355,25.726688432474365,54.0037671898192,0.02761920550668589,5.521717735004987,1.9567032667666597,1.4570026537456633,0.4522025867763026,0.0,0.0,2.6190439795224068,0.7215231111193455,0.0,0.0,0.0,4.283268609481265,0.8388219876564413,0.9644017161568714,0.0,1.636215600443846,0.34940688352805216,0.14041339135836148,0.19878915601515176,0.13648706387814538,0.05484898099935999
48,0.2264554068289198,0.0,0.11803857801099774,2.623173608623746,6.102888157402244,13.272498707299544,26.478440807111074,0.022645540682891905,5.69476147501743,2.0768576294487846,1.4187963363049767,0.4522025867763026,0.0,0.0,2.5999426353763777,0.7014411310141972,0.0,0.0,0.0,4.153255960551866,0.8825310382847986,0.9324039230386669,0.0,1.6623473709790262,0.35957546873043966,0.14797221167565572,0.20249984112094224,0.1404591674728279,0.057801645185803066
49,0.22645540682891915,0.0,0.12320735552829765,3.385741152254791,14.112769190231814,38.043737361254834,50.86450425353525,0.022645540682892235,5.942774599265623,2.160928187365585,1.5865962401620555,0.4522025867763026,0.0,0.0,2.5537279014649554,0.6767331341532264,0.0,0.0,0.0,4.170634152404269,0.8081053567990473,0.891512289583297,0.0,1.6914849393178994,0.3494504393826264,0.14103672366399858,0.21784648571983467,0.13650407788383834,0.055092470181249326
50,0.22645540682891935,0.0,0.1063697492999936,4.443958219166564,7.112213357486704,13.73332335957652,23.420614476193784,0.022645540682892266,5.6369329493212215,2.2152995078631292,1.4961519184339789,0.4522025867763026,0.0,0.0,2.6028429079651008,0.697570880228904,0.0,0.0,0.0,4.198244921120739,0.9610938760415534,0.9548681564998512,0.0,1.691530289187362,0.33807083645626657,0.13681226054631337,0.2156725017480826,0.13205892049072906,0.05344228927590357
51,0.4229020617662702,0.0,0.10056750935711473,3.4997465841747637,7.472550635235227,17.32534983178887,22.74206157615568,0.04229020617662609,5.842491993305801,2.221998972847283,1.3878541967579792,0.4522025867763026,0.0,0.0,2.710308299204714,0.6441733268830255,0.0,0.0,0.0,4.241985666242453,0.7408189475432239,0.9329855545246714,0.0,1.663439788156003,0.3310275411847729,0.14706552055840408,0.20136271379668802,0.12930763327530193,0.05744746896812658
52,0.38894993415868817,0.0,0.13081130404317853,3.627666283906703,9.202633002425399,21.09249829107487,34.78426752490302,0.03889499341586974,5.615639391179981,2.1323222973938565,1.4602822980139598,0.4522025867763026,0.0,0.0,2.6347030125431377,0.7465373326947847,0.0,0.0,0.0,4.356802083827395,0.9612542983864277,0.9387773831753703,0.0,1.6767905771839686,0.37246819734085834,0.1368199816956606,0.20306995655152324,0.14549538958627278,0.05344530534986746
53,0.3038218101251012,0.0,0.11231905500604629,2.5704724351712946,7.094171429652976,16.726101779031826,27.676197877663157,0.030382181012510355,5.3114181580527875,2.1437221206664003,1.3353632022324589,0.4522025867763026,0.0,0.0,2.7214706749483617,0.6085919567807225,0.0,0.0,0.0,4.409047939821174,0.9034847958105988,0.754525971113165,0.0,1.6692026778486047,0.34649323347989897,0.13632742186744698,0.20844276540222817,0.13534891932808552,0.05325289916697142
54,0.3349320635285423,0.0,0.1009941461915053,2.736200472922984,7.1805339069364456,20.98672295043053,37.87040925780469,0.033493206352854965,5.048781667147089,1.8552638254535,1.2999850673761422,0.4522025867763026,0.0,0.0,2.669963864853224,0.8003071920593259,0.0,0.0,0.0,4.32415890169292,1.0451328038978944,0.9624822057045024,0.0,1.6712767133162991,0.3356829120424134,0.1435051609523224,0.20457864284269667,0.13112613751656774,0.05605670349700092
55,0.2667467828369198,0.0,0.12164745523180663,2.760694180703838,6.63888437872888,20.321072174401124,53.72625220831143,0.026674678283692042,4.638478549610272,1.784803621591452,1.2119993902217394,0.4522025867763026,0.0,0.0,2.632929326728693,0.7245672567638782,0.0,0.0,0.0,4.278204840523469,1.0814313403329174,0.9037612835759893,0.0,1.6866990814310812,0.34676039175522827,0.14969459155455514,0.205050967791486,0.13545327802938603,0.058474449825998094
56,0.35716117169157297,0.0,0.11848916675321675,2.6181465321147313,7.3537665537359596,22.166629870405636,40.84188057472404,0.035716117169159775,4.103502272572924,1.6736810762074497,1.2045202571912978,0.4522025867763026,0.0,0.0,2.762737269516203,0.7582622046945744,0.0,0.0,0.0,4.444785934653434,0.9261267789896908,1.0980465540657611,0.0,1.703879684477767,0.3486385148545179,0.15848385018229708,0.205787288754377,0.1361869198650461,0.061907753977459776
57,0.22645540682891915,0.0,0.10370201642191816,3.748335772583247,6.39660551017103,13.946783696260809,30.17442814682924,0.022645540682892238,3.8245662814929733,1.4497222563348946,0.9873011974049064,0.4522025867763026,0.0,0.0,2.718933760422535,0.6689666675493708,0.0,0.0,0.0,4.454893794092859,0.8528456050500204,0.9021805511998626,0.0,1.6932312094987167,0.33744628420822254,0.14300696861793924,0.20950240449226698,0.13181495476883695,0.05586209711638248
58,0.1581138830084105,0.0,0.13349826620446967,3.2089805002439444,8.523157974306812,14.997278987028386,26.328838556166282,0.015811388300843048,3.272920019664623,1.2448891587867965,0.8915671997995418,0.4522025867763026,0.0,0.0,2.6768126040982665,0.6249614984066878,0.0,0.0,0.0,4.3283987064099145,0.9618123762449865,0.9643629092697997,0.0,1.7158555235709112,0.3466359175262797,0.12478066788770036,0.21242374395415645,0.13540465528370302,0.04874244839363301
59,0.0,0.0,0.13403793125564223,3.3906867340988116,8.455616465184526,23.680762914467582,49.16628792372312,0.0,2.8091077786592153,1.06175120052887,0.7804194256384602,0.4522025867763026,0.0,0.0,2.5619491751190115,0.6338464796904104,0.0,0.0,0.0,4.204580348402327,0.9721332947058849,0.7311086271747372,0.0,1.6642439277103724,0.35030490882463317,0.12986317433351444,0.20173869196077124,0.13683785500962234,0.05072780247402909
60,0.0,0.0,0.11686774558496836,3.5731721293246035,6.665579587517929,17.966732965671074,40.9494479053838,0.0,2.3655300178517966,0.8767910285766367,0.6964284461082259,0.4522025867763026,0.0,0.0,2.714566800126098,0.487757692663052,0.0,0.0,0.0,4.3615968820520825,0.6373683102753295,0.7736358722272701,0.0,1.6778222927631887,0.3392228656111798,0.1284358525847306,0.20355185365290962,0.1325089318793671,0.050170254915910435
61,0.0,0.0,0.11636089565931722,2.9939450588961978,5.522196663395624,21.367990526158557,42.728995906223076,0.0,2.030395586770571,0.7134048604333743,0.5739293749651858,0.4522025867763026,0.0,0.0,2.5460077443476825,0.7476281276256458,0.0,0.0,0.0,4.257295419870267,1.1104248193107051,0.9460395720505111,0.0,1.686625895662237,0.3259386941423843,0.15214455125813436,0.20822124254631802,0.12731980239936885,0.05943146533520871
62,0.0,0.11663613764176435,0.12058210664567735,1.1339065513742133,5.882937176388083,15.720832351750385,29.440223189440733,0.0,1.7960749875239732,0.7448233272694565,0.558775194984144,0.4522025867763026,0.0,0.0,2.761428901308425,0.5203514016561325,0.0,0.0,0.0,4.378092436755918,0.8749633473378143,0.9021860665366479,0.0,1.678623262939517,0.3187335885158908,0.14202717383778482,0.20751867418797848,0.12450530801401977,0.05547936478038472
63,0.3571611716915781,0.0,0.12838567840969092,2.98302874701363,6.653799268398838,25.310603937847524,36.65799220268219,0.035716117169158366,1.5795394773273028,0.6014815062799215,0.5528104379234845,0.4522025867763026,0.0,0.0,2.638706127454076,0.7174284488217284,0.0,0.0,0.0,4.239723969416731,0.8769166419698918,0.9634114093547461,0.0,1.6135920563819939,0.3264808160439008,0.15122064026205553,0.23304278892454947,0.12753156876714883,0.05907056260236544
64,0.3571611716915781,0.05270462766947299,0.11205657292320988,4.838634592986093,9.003982772825951,22.923606622982586,36.75180984937662,0.035716117169158366,1.4665659317999438,0.544258450611923,0.49966274560037066,0.4830458915396479,0.0,0.0,2.7983170015639858,0.5978426075845984,0.0,0.0,0.0,4.492743662577645,0.8026905535725597,0.8271365303181302,0.0,1.641937501436389,0.33956616682174773,0.15269531775271222,0.1976870777760133,0.1326430339147452,0.059646608497153246
65,0.26674678283692,0.0,0.1343458346330227,6.394751305275637,29.937614928316343,122.09742455562647,153.90907379694897,0.02667467828369207,1.4284611508586722,0.5118117858614432,0.5441480473291719,0.505736325340815,0.0,0.0,2.8260677121730073,0.6637215757030936,0.0,0.0,0.0,4.557794306231636,0.9420744554970962,0.8121556249418811,0.0,1.6146392413762405,0.33291907366938384,0.151476952421429,0.24157677268585598,0.13004651315210305,0.059170684539620634
66,0.39223227027636826,0.0,2.699385254558956,23.96590405202438,34.205780627540044,58.74275473843486,61.98133725914792,0.03922322702763767,1.218342574146703,0.5299650215699812,0.5211827094198807,0.48304589153964805,0.0,0.0,2.8589963957193474,0.6815798354493526,0.0,0.0,0.0,4.566924303011699,1.0014391937432725,0.7894912716345637,0.0,1.4311166383602425,0.33994296037050636,0.14793449561668987,0.3209711786641459,0.13279021889472908,0.05778691235026936
67,0.6155047959570699,0.0,0.12005900739449342,11.412157525246059,21.355492885823825,52.22091701646843,83.28791102318414,0.061550479595706795,1.3353888959571145,0.4590704874100184,0.5895896377118381,0.40509574683346666,0.0,0.0,2.332369969530465,0.4668849030812127,0.0,0.0,0.0,3.7968505933067247,0.7744220410056909,0.6963849757580353,0.0,1.3502093117538756,0.35907433902607866,0.15949158391249765,0.2676711083698078,0.14026341368206185,0.0623013999658194
68,0.5256253906367607,0.0,0.14493823879848355,23.423750323052747,30.264685220817693,53.66226174099997,87.37778579480639,0.05256253906367705,1.0716762833780176,0.5225312935142602,0.4684419908167086,0.38480764425479264,0.0,0.0,2.2431652319355395,0.6872612497216563,0.0,0.0,0.0,3.579729500169051,0.8949978161449555,0.9609244558996773,0.0,1.291435294178479,0.3353855683037917,0.14858078521110776,0.28714601372318715,0.13100998761866858,0.05803936922308902
69,0.5723321610429501,0.0,0.14675757499139994,11.731752192449251,17.880655616421855,33.6399361178496,52.539738754510665,0.05723321610429574,1.1664932889092305,0.39253494472042516,0.6266437139552807,0.3349320635285418,0.0,0.0,1.9894929687917524,0.7067393405300716,0.0,0.0,0.0,3.1893270370640585,0.8843215150718264,1.0897032799983486,0.0,1.2951928911702846,0.3479423205410308,0.12602211165337562,0.26515720072338755,0.1359149689613402,0.04922738736459996
70,0.49613893835683903,0.0,0.1657832906986648,23.62293350009235,29.993074600646246,50.89694842332656,67.28452862569506,0.04961389383568355,0.9390209324039094,0.613060884839078,0.5564333447208056,0.3038218101251,0.0,0.0,1.9342130078096567,0.8114026246948269,0.0,0.0,0.0,2.990427906974455,1.0679252663582364,0.8417012294743935,0.0,1.2145421005493329,0.34662237275635766,0.13652702330472105,0.2633096162640117,0.13539936435795222,0.05333086847840674
71,0.49613893835683337,0.0,0.12423187854313582,5.106246400068129,11.61899432796561,21.924944897384712,40.256078927572375,0.04961389383568324,0.9417536788564989,0.4502573825863486,0.5978626487399781,0.26674678283691855,0.0,0.0,1.7223694796136269,0.7465793738577835,0.0,0.0,0.0,2.654284796802209,0.9945823242134855,1.045729599897774,0.0,1.1328377081564724,0.31854994505157697,0.13277091961995954,0.2724633412542929,0.1244335722857723,0.05186364047654668
72,20.80432339190275,0.0,0.15349369063990526,13.484988778904054,24.163857418324067,53.00624062463343,92.70552154204115,2.080432339190275,1.0180602578195168,0.6200841798515466,0.5471447413038736,0.26674678283691855,0.0,0.0,1.6212648936567111,0.6838749607324732,0.0,0.0,0.0,2.6380216605311366,1.059374011157644,0.8957055375638148,0.0,1.1222012432571815,0.32320990614380485,0.1383394665046403,0.2696928559910645,0.1262538695874238,0.05403885410337506
73,29.94172759347815,0.0,0.16491442784845062,0.20317130113777335,1.8197222439117036,12.191757674895943,21.174671833902458,2.9941727593478156,0.9478305600945677,0.5493699365823052,0.4631505707151257,0.26674678283691855,0.0,0.0,1.7345700679140292,0.6579460251652113,0.0,0.0,0.0,2.6946084813798477,1.0645360251700517,0.7886497236869224,0.0,1.117473721173073,0.34088564717290853,0.12758521912980228,0.2904258747982754,0.13315845592691733,0.04983797622257895
74,29.785515323340018,0.0,0.20053193981183798,0.36371574321638955,0.8271175278385327,16.780047434992827,32.5180476093956,2.978551532334002,1.049873312747986,0.597636209046397,0.7033176276058641,0.22072142786315238,0.0,0.0,1.4918816755249222,0.6472123781398597,0.0,0.0,0.0,2.198513919131047,0.8085845893072788,0.8473594593520782,0.0,1.1078047583903672,0.3292001996267543,0.15268080804740541,0.2623527371548201,0.12859382797920085,0.05964094064351767
